{"cameraMode":{"drawMode":0,"name":"Shaded","section":"Shading Mode"},"sceneLighting":false,"audioPlay":false,"sceneViewState":{"m_AlwaysRefresh":false,"showFog":true,"showSkybox":true,"showFlares":true,"showImageEffects":true,"showParticleSystems":true,"showVisualEffectGraphs":true,"m_FxEnabled":true},"in2DMode":false,"pivot":{"x":-25.964475631713868,"y":-25.96715545654297,"z":32.656124114990237},"rotation":{"x":0.34881147742271426,"y":-0.05730913579463959,"z":0.021375374868512155,"w":0.9351963996887207},"size":71.97962951660156,"orthographic":false}