{"cameraMode":{"drawMode":0,"name":"Shaded","section":"Shading Mode"},"sceneLighting":false,"audioPlay":false,"sceneViewState":{"m_AlwaysRefresh":false,"showFog":true,"showSkybox":true,"showFlares":true,"showImageEffects":true,"showParticleSystems":true,"showVisualEffectGraphs":true,"m_FxEnabled":true},"in2DMode":false,"pivot":{"x":3.8611183166503908,"y":-7.303220748901367,"z":67.48806762695313},"rotation":{"x":0.18925902247428895,"y":0.12540431320667268,"z":-0.024377837777137758,"w":0.9735814332962036},"size":11.696534156799317,"orthographic":false}